{"initial_reset_timestamp": 84113.174711684, "timestamps": [84113.347818079, 84113.542719818, 84114.105053016, 84114.609852567, 84115.38401825, 84115.943613065, 84117.14769934, 84118.704289785, 84120.682170502, 84121.485855605, 84121.770752773, 84122.795946615, 84123.139137209, 84124.549439869, 84125.283698836, 84125.812971108, 84126.236122479, 84126.614673154, 84127.52642723, 84128.680323681, 84130.642351521, 84132.351149896, 84133.287479879, 84134.217180265, 84134.461814595, 84134.611331068, 84134.944844083, 84135.404964906, 84136.884959909, 84138.457147204, 84139.647450446, 84139.928529796, 84141.173829091, 84141.376712493, 84141.603624926, 84141.823506319, 84142.211498037, 84142.47571469, 84142.634626079, 84143.186810882, 84143.471239045, 84144.343892032, 84144.984575054, 84145.329760187, 84145.670674763, 84146.15599076, 84146.534921821, 84147.228014807, 84147.6529898, 84148.03946835, 84148.496840134, 84148.778112808, 84149.271254553, 84150.02485998, 84150.295229748, 84151.041320942, 84151.23461542, 84151.486994504, 84151.673175106, 84152.21994185, 84152.440653673, 84152.801787826, 84154.508276016, 84154.876583861, 84156.087502569, 84156.435889309, 84156.739898513, 84156.994494889, 84158.523820944, 84158.870720845, 84159.157342456, 84159.626553822, 84159.853386954, 84160.543894277, 84162.22119339, 84163.621627983, 84164.121488349, 84164.535178428, 84165.011682236, 84165.574759708, 84165.966175008, 84166.247361959, 84166.883457078, 84167.173077082, 84167.462939506, 84167.741883273, 84168.157336202, 84168.329691377, 84168.52281837, 84168.818316483, 84168.96302017, 84169.196110726, 84169.392962671, 84169.617367342, 84169.834817014, 84169.963961711, 84170.114676563, 84170.566612446, 84170.708959556, 84171.324114842, 84171.447227373, 84171.673235892, 84171.908371863, 84172.048934417, 84172.427559917, 84174.342885618, 84174.577618039, 84174.697134193, 84175.003861577, 84175.303060556, 84175.768675223, 84175.898634783, 84176.101987247, 84176.428410578, 84176.741735745, 84177.207496558, 84177.459192661, 84177.665830985, 84178.003400958, 84178.259268579, 84178.761530232, 84179.057770739, 84179.175020467, 84179.356968483, 84179.525863341, 84179.706101295, 84179.96196534, 84180.16307709, 84180.656055382, 84181.293342342, 84181.492818946, 84182.182289674, 84182.273437104, 84182.402075078, 84182.603181416, 84182.757261334, 84182.956827062, 84183.051190327, 84183.198577519, 84183.528152295, 84183.643816485, 84183.92448723, 84184.108105622, 84184.333387532, 84184.510688623, 84185.191729912, 84185.374817063, 84185.557652571, 84185.687419414, 84185.942553884, 84186.135218376, 84186.271715037, 84186.447397044, 84186.584495196, 84186.678188263, 84186.920433763, 84187.670382854, 84187.931055516, 84188.105189886, 84188.269269058, 84188.426469262, 84188.569016132, 84188.68853859, 84188.877469572, 84189.002678138, 84189.254635144, 84189.38101065, 84189.81732624], "episode_lengths": [173, 290, 747, 666, 1146, 866, 1708, 2144, 2617, 993, 444, 1527, 529, 2247, 792, 721, 571, 575, 1338, 1566, 2687, 2488, 1212, 1262, 384, 237, 522, 676, 1977, 2066, 1598, 410, 1825, 288, 262, 229, 607, 401, 223, 754, 363, 1189, 869, 409, 413, 409, 441, 788, 473, 407, 502, 336, 561, 784, 295, 817, 206, 247, 198, 593, 231, 370, 1734, 338, 1208, 348, 302, 270, 1515, 348, 291, 421, 227, 695, 1665, 1420, 502, 402, 474, 552, 389, 272, 631, 271, 283, 275, 401, 167, 188, 292, 149, 251, 207, 217, 287, 185, 212, 631, 179, 804, 183, 321, 323, 185, 513, 2625, 320, 166, 433, 433, 645, 152, 200, 418, 352, 530, 313, 232, 321, 278, 570, 356, 117, 227, 182, 224, 289, 224, 562, 742, 231, 767, 121, 170, 229, 233, 296, 142, 217, 418, 157, 375, 230, 290, 207, 798, 137, 192, 149, 266, 225, 158, 207, 167, 107, 295, 881, 296, 207, 196, 179, 184, 136, 207, 162, 288, 156, 519], "episode_rewards": [-961.0, -2194.0, -6683.0, -6008.0, -10736.0, -7945.0, -16275.0, -20743.0, -25446.0, -9206.0, -3689.0, -14447.0, -4593.0, -21665.0, -7187.0, -6423.0, -4977.0, -5008.0, -12566.0, -14963.0, -26155.0, -24156.0, -11234.0, -11932.0, -3188.0, -1763.0, -4595.0, -6054.0, -19073.0, -19918.0, -15211.0, -3394.0, -17472.0, -2210.0, -1977.0, -1593.0, -5283.0, -3313.0, -1605.0, -6834.0, -2978.0, -11121.0, -8038.0, -3429.0, -3433.0, -3447.0, -3839.0, -7192.0, -4114.0, -3418.0, -4314.0, -2699.0, -4913.0, -7152.0, -2307.0, -7527.0, -1408.0, -1827.0, -1373.0, -5215.0, -1676.0, -3003.0, -16670.0, -2719.0, -11374.0, -2792.0, -2377.0, -2075.0, -14435.0, -2801.0, -2222.0, -3513.0, -1690.0, -6235.0, -16025.0, -13485.0, -4350.0, -3269.0, -4052.0, -4778.0, -3193.0, -2068.0, -5595.0, -2049.0, -2178.0, -2143.0, -3268.0, -1099.0, -1174.0, -2259.0, -901.0, -1831.0, -1427.0, -1590.0, -2209.0, -1288.0, -1495.0, -5631.0, -1192.0, -7451.0, -1277.0, -2630.0, -2632.0, -1243.0, -4496.0, -25553.0, -2521.0, -999.0, -3669.0, -3714.0, -5807.0, -958.0, -1429.0, -3465.0, -2724.0, -4594.0, -2496.0, -1695.0, -2630.0, -2128.0, -4976.0, -2953.0, -608.0, -1627.0, -1186.0, -1633.0, -2274.0, -1606.0, -4932.0, -6813.0, -1730.0, -7036.0, -720.0, -1147.0, -1665.0, -1750.0, -2353.0, -867.0, -1599.0, -3528.0, -1008.0, -3134.0, -1666.0, -2347.0, -1517.0, -7364.0, -835.0, -1385.0, -928.0, -2089.0, -1697.0, -946.0, -1481.0, -1144.0, -598.0, -2325.0, -8203.0, -2299.0, -1472.0, -1317.0, -1129.0, -1260.0, -744.0, -1472.0, -986.0, -2210.0, -935.0, -4511.0], "episode_types": ["t", "t", "t", "t", "t", "t", "t", "t", "t", "t", "t", "t", "t", "t", "t", "t", "t", "t", "t", "t", "t", "t", "t", "t", "t", "t", "t", "t", "t", "t", "t", "t", "t", "t", "t", "t", "t", "t", "t", "t", "t", "t", "t", "t", "t", "t", "t", "t", "t", "t", "t", "t", "t", "t", "t", "t", "t", "t", "t", "t", "t", "t", "t", "t", "t", "t", "t", "t", "t", "t", "t", "t", "t", "t", "t", "t", "t", "t", "t", "t", "t", "t", "t", "t", "t", "t", "t", "t", "t", "t", "t", "t", "t", "t", "t", "t", "t", "t", "t", "t", "t", "t", "t", "t", "t", "t", "t", "t", "t", "t", "t", "t", "t", "t", "t", "t", "t", "t", "t", "t", "t", "t", "t", "t", "t", "t", "t", "t", "t", "t", "t", "t", "t", "t", "t", "t", "t", "t", "t", "t", "t", "t", "t", "t", "t", "t", "t", "t", "t", "t", "t", "t", "t", "t", "t", "t", "t", "t", "t", "t", "t", "t", "t", "t", "t", "t", "t", "t", "t"]}